country,region,hdi
Afghanistan,Central (Kabul Wardak Kapisa Logar Parwan Panjsher),.531
Afghanistan,Central Highlands (Bamyan Daikundi),.459
Afghanistan,East (Nangarhar Kunar Laghman Nooristan),.442
Afghanistan,North (Samangan Sar-e-Pul Balkh Jawzjan Faryab),.481
Afghanistan,North East (Baghlan Takhar Badakhshan Kunduz),.429
Afghanistan,South (Uruzgan Helmand Zabul Nimroz Kandahar),.393
Afghanistan,South East (Ghazni Paktya Paktika Khost),.461
Afghanistan,West (Ghor Herat Badghis Farah),.433
Angola, Cabinda,.688
Angola, Zaire,.622
Angola, Uige,.545
Angola, Luanda,.71
Angola, Kuanza Norte,.546
Angola, Kuanza Sul,.454
Angola, Malange,.571
Angola, Lunda Norte,.526
Angola, Benguela,.534
Angola, Huambo,.539
Angola, Bie,.504
Angola, Moxico,.508
Angola, Kuando Kubango,.511
Angola, Namibe,.587
Angola, Huila,.52
Angola, Cunene,.522
Angola, Lunda Sul,.586
Angola, Bengo,.584
Albania, Berat,.776
Albania, Diber,.749
Albania, Durres,.796
Albania, Elbasan,.779
Albania, Fier,.762
Albania, Gjirokaster,.789
Albania, Korce,.785
Albania, Kukes,.745
Albania, Lezhe,.764
Albania, Shkoder,.778
Albania, Tirana,.814
Albania, Vlore,.797
Argentina urban,Gran Buenos Aires,.851
Argentina urban,NOA,.851
Argentina urban,NEA,.837
Argentina urban,Cuyo,.849
Argentina urban,Pampeana,.85
Argentina urban,Patagonia,.849
Armenia,Aragatsotn,.77
Armenia,Ararat,.764
Armenia,Armavir,.754
Armenia,Gegharkunik,.748
Armenia,Lori,.765
Armenia,Kotayk,.792
Armenia,Shirak,.782
Armenia,Syunik,.779
Armenia,Vayots Dzor,.782
Armenia,Tavush,.773
Armenia,Yerevan,.821
Australia,New South Wales,.946
Australia,Victoria,.942
Australia,Queensland,.935
Australia,South Australia,.933
Australia,Western Australia,.969
Australia,Tasmania,.923
Australia,Northern Territory,.932
Australia,Australian Capital Territory,.976
Austria,Burgenland,.89
Austria,Niederosterreich,.893
Austria,Wien,.948
Austria,Karnten,.913
Austria,Steiermark,.923
Austria,Oberosterreich,.917
Austria,Salzburg,.945
Austria,Tirol,.938
Austria,Vorarlberg,.917
Azerbaijan,Baku,.83
Azerbaijan,Absheron,.805
Azerbaijan,Ganja Gazakh,.724
Azerbaijan,Shaki Zaqatala,.766
Azerbaijan,Lankaran,.718
Azerbaijan,Guba Khachmaz,.738
Azerbaijan,Aran,.712
Azerbaijan,Yukhari Karabakh,.706
Azerbaijan,Dakhlik Shirvan,.727
Burundi,"North (Kayanza, Kirundo, Muyinga, Ngozi)",.372
Burundi,"South (Bururi, Makamba)",.452
Burundi,"East (Cankuzo, Rutana, Ruyigi )",.403
Burundi,"West (Bubanza, Buja Rural, Cibitoke, Mairie de Bujumbura)",.469
Burundi,"Middle (Gitega, Karuzi, Muramvya, Mwaro)",.422
Belgium,Bruxelles - Brussel,.96
Belgium,Prov. Antwerpen,.957
Belgium,Prov. Limburg,.936
Belgium,Prov. Oost-Vlaanderen,.946
Belgium,Prov. Vlaams-Brabant,.947
Belgium,Prov. West-Vlaanderen,.938
Belgium,Prov. Brabant Wallon,.951
Belgium,Prov. Hainaut,.894
Belgium,Prov. Liege,.906
Belgium,Prov. Luxembourg,.901
Belgium,Prov. Namur,.911
Benin,Atacora (incl Donga),.457
Benin,Atlantique (incl Littoral (Cotonou)),.564
Benin,Borgou (incl Alibori),.441
Benin,Mono (incl Couffo),.496
Benin,Queme (incl Plateau),.518
Benin,Zou (incl Collines),.507
Burkina Faso,Boucle de Mouhoun,.4
Burkina Faso,Cascades,.453
Burkina Faso,Centre (incl Ouagadougou),.54
Burkina Faso,Centre-Est,.4
Burkina Faso,Centre-Nord,.39
Burkina Faso,Centre-Ouest,.429
Burkina Faso,Centre-Sud,.419
Burkina Faso,Est,.375
Burkina Faso,Hauts Bassins,.469
Burkina Faso,Nord,.413
Burkina Faso,Plateau Central,.417
Burkina Faso,Sahel,.305
Burkina Faso,Sud-Ouest,.365
Bangladesh," Barisal, Jhalokati, Pirojpur",.677
Bangladesh," Barguna, Bhola, Patuakhali",.64
Bangladesh, Chittagong,.695
Bangladesh," Bandarban, Cox s Bazar",.606
Bangladesh," Khagrachhari, Rangamati (Chattagram)",.627
Bangladesh," Feni, Lakshmipur, Noakhali",.666
Bangladesh," Brahmanbaria, Chandpur, Comilla",.678
Bangladesh, Dhaka,.756
Bangladesh," Gazipur, Narayanganj, Narsingdi",.678
Bangladesh," Jamalpur, Sherpur, Tangail",.649
Bangladesh," Kishoreganj, Mymensingh, Netrakona",.629
Bangladesh," Faridpur, Manikganj, Rajbari",.664
Bangladesh," Gopalganj, Madaripur, Munshiganj, Shariatpur",.669
Bangladesh," Bagerhat, Khulna, Satkhira",.688
Bangladesh," Jessore, Magura, Narail",.701
Bangladesh," Chuadanga, Jhenaidah, Kushtia, Meherpur",.682
Bangladesh," Naogaon, Nawabganj, Rajshahi",.681
Bangladesh," Natore, Pabna, Sirajganj",.649
Bangladesh," Bogra, Gaibandha, Jaypurhat",.665
Bangladesh," Dinajpur, Nilphamari, Panchagarh, Thakurgaon",.668
Bangladesh," Kurigram, Lalmonirhat, Rangpur",.641
Bangladesh," Maulvibazar, Sylhet",.669
Bangladesh," Habiganj, Sunamganj",.608
Bulgaria,Severozapaden,.743
Bulgaria,Severen tsentralen,.768
Bulgaria,Severoiztochen,.777
Bulgaria,Yugoiztochen,.766
Bulgaria,Yugozapaden,.856
Bulgaria,Yuzhen tsentralen,.772
Bosnia and Herzegovina,Western Bosnia,.773
Bosnia and Herzegovina,Northern Bosnia,.772
Bosnia and Herzegovina,Central Bosnia,.781
Bosnia and Herzegovina,Western herzegovina,.802
Bosnia and Herzegovina,Republica Srpska,.776
Belarus,Brest region,.793
Belarus,Vitebsk region,.793
Belarus,Gomel region,.801
Belarus,Grodno region,.798
Belarus,Minsk region,.811
Belarus,Mogilev region,.79
Belize,"Corozal, Orange Walk",.672
Belize,Belize,.73
Belize,Cayo,.626
Belize,"Stann Creek, Toledo",.711
Bolivia,Chuquisaca,.671
Bolivia,La Paz,.699
Bolivia,Cochabamba,.688
Bolivia,Oruro,.707
Bolivia,Potosi,.612
Bolivia,Tarija,.722
Bolivia,Santa Cruz,.758
Bolivia,Beni,.706
Bolivia,Pando,.724
Brazil,Rondonia,.733
Brazil,Acre,.714
Brazil,Amazonas,.736
Brazil,Roraima,.761
Brazil,Para,.717
Brazil,Amapa,.747
Brazil,Tocantins,.748
Brazil,Maranhao,.703
Brazil,Piaui,.712
Brazil,Ceara,.732
Brazil,Rio Grande do Norte,.749
Brazil,Paraiba,.734
Brazil,Pernambuco,.735
Brazil,Alagoas,.717
Brazil,Sergipe,.745
Brazil,Bahia,.733
Brazil,Minas Gerais,.76
Brazil,Espirito Santo,.762
Brazil,Rio de Janeiro,.789
Brazil,Sao Paulo,.786
Brazil,Parana,.769
Brazil,Santa Catarina,.775
Brazil,Rio Grande do Sul,.775
Brazil,Mato Grosso do Sul,.763
Brazil,Mato Grosso,.757
Brazil,Goias,.767
Brazil,Distrito Federal,.822
Barbados,St Michael,.801
Barbados,Christ Church and St. Philip,.815
Barbados,"St. James, St. George, and St. Thomas",.822
Barbados,"St. Lucy, St. Peter, St. Andrew, St. Joseph, and St. John",.801
Bhutan,Bumthang,.687
Bhutan,Chukha,.718
Bhutan,Dagana,.626
Bhutan,Gasa,.557
Bhutan,Haa,.729
Bhutan,Lhuntse,.618
Bhutan,Mongar,.62
Bhutan,Paro,.753
Bhutan,Pemagatshel,.622
Bhutan,Punakha,.681
Bhutan,Samdrup jongkhar,.633
Bhutan,Samtse,.641
Bhutan,Sarpang,.713
Bhutan,Thimphu,.857
Bhutan,Trashigang,.592
Bhutan,Trashiyangtse,.605
Bhutan,Trongsa,.637
Bhutan,Tsirang,.651
Bhutan,Wangdi,.623
Bhutan,Zhemgang,.62
Botswana,Central,.685
Botswana,Ghanzi,.658
Botswana,Kgalagadi,.675
Botswana,Kgatleng,.722
Botswana,Kweneng,.693
Botswana,North-East,.726
Botswana,"North-West, Ngamiland",.672
Botswana,South-East,.787
Botswana,Southern,.691
Botswana,Chobe,.683
Central African Republic CAR,"RS I (Ombella Mpoko, Lobaye, Kemo, Nana Grebizi, Ouaka)",.385
Central African Republic CAR,"RS II (Mambera Kadei, Nana Mambere, Sangha Mbaere)",.367
Central African Republic CAR,"RS III (Ouham Pende, Ouham)",.346
Central African Republic CAR,"RS IV (Haute-Kotto, Baminigui Bangoran, Vakaga)",.371
Central African Republic CAR,"RS V (Basse Kotto, Mbornou, Houte Mbormou)",.326
Central African Republic CAR,Bangui,.525
Canada,Newfoundland and Labrador,.901
Canada,"Prince Edward Island, Yukon Territory, Northwest Territories, Nunavut",.929
Canada,Nova Scotia,.909
Canada,New Brunswick,.904
Canada,Quebec,.926
Canada,Ontario,.942
Canada,Manitoba,.907
Canada,Saskatchewan,.92
Canada,Alberta,.947
Canada,British Columbia,.946
Switzerland,Lake Geneva region,.973
Switzerland,Espace Mittelland,.957
Switzerland,Northwestern Switzerland,.964
Switzerland,Zurich,.994
Switzerland,Eastern Switzerland,.949
Switzerland,Central Switzerland,.961
Switzerland,Ticino,.964
Chili,Tarapaca (incl Arica and Parinacota),.887
Chili,Antofagasta,.881
Chili,Atacama,.864
Chili,Coquimbo,.838
Chili,Valparaiso (former Aconcagua),.876
Chili,OHiggins,.829
Chili,Maule,.798
Chili,Bio Bio,.834
Chili,Arbucania,.795
Chili,Los Lagos (incl Los Rios),.803
Chili,Aisen,.816
Chili,Magallanes and La Antartica Chilena,.872
Chili,Region Metropolitana,.89
China,Beijing,.905
China,Tianjin,.858
China,Hebei,.762
China,Shanxi,.791
China,Inner Mongolia,.798
China,Liaoning,.794
China,Jilin,.777
China,Heilongjiang,.769
China,Shanghai,.895
China,Jiangsu,.827
China,Zhejiang,.814
China,Anhui,.767
China,Fujian,.804
China,Jiangxi,.768
China,Shandong,.789
China,Henan,.76
China,Hubei,.794
China,Hunan,.781
China,Guangdong,.813
China,Guangxi,.751
China,Hainan,.781
China,Chongqing,.795
China,Sichuan,.762
China,Guizhou,.725
China,Yunnan,.729
China,Tibet,.648
China,Shaanxi,.792
China,Gansu,.722
China,Qinghai,.719
China,Ningxia,.764
China,Xinjiang,.762
Cote d'Ivoire,Abidjan,.569
Cote d'Ivoire,Yamoussoukro,.619
Cote d'Ivoire,Bas Sassandra,.52
Cote d'Ivoire,Comoe,.582
Cote d'Ivoire,Denguele,.44
Cote d'Ivoire,Goh-Djiboua,.551
Cote d'Ivoire,Lacs,.542
Cote d'Ivoire,Lagunes,.566
Cote d'Ivoire,Montagnes,.492
Cote d'Ivoire,Sassandra-Marahoue,.512
Cote d'Ivoire,Savanes,.471
Cote d'Ivoire,Vallee du Bandama,.554
Cote d'Ivoire,Woroba,.423
Cote d'Ivoire,Zanzan,.491
Cameroon,Adamaoua,.503
Cameroon,Centre (incl Yaounde),.668
Cameroon,Est,.543
Cameroon,Extreme Nord,.47
Cameroon,Littoral (incl Douala),.706
Cameroon,Nord,.463
Cameroon,Nord Ouest,.56
Cameroon,Ouest,.627
Cameroon,Sud,.628
Cameroon,Sud Ouest,.676
Congo Democratic Republic,Kinshasa,.582
Congo Democratic Republic,Bas-Congo,.481
Congo Democratic Republic,Bandundu,.458
Congo Democratic Republic,Equateur,.456
Congo Democratic Republic,Orientale,.468
Congo Democratic Republic,Nord-Kivu,.504
Congo Democratic Republic,Sud-Kivu,.492
Congo Democratic Republic,Maniema,.43
Congo Democratic Republic,Katanga,.467
Congo Democratic Republic,Kasai Oriental,.449
Congo Democratic Republic,Kasai Occidental,.403
Congo Brazzaville, Kouilou,.479
Congo Brazzaville, Niari,.549
Congo Brazzaville, Lekoumou,.48
Congo Brazzaville, Bouenza,.511
Congo Brazzaville, Pool,.464
Congo Brazzaville, Plateaux,.522
Congo Brazzaville, Cuvette,.561
Congo Brazzaville, Cuvette Ouest,.49
Congo Brazzaville, Sangha,.498
Congo Brazzaville, Likouala,.506
Congo Brazzaville, Brazzaville,.649
Congo Brazzaville, Pointe Noire,.639
Colombia,Antioquia (incl Medellin),.763
Colombia,Atlantico (incl Barranquilla),.777
Colombia,Bogota D.C.,.804
Colombia,Bolivar (Sur and Norte),.747
Colombia,Boyaca,.751
Colombia,Caldas,.769
Colombia,Caqueta,.708
Colombia,Cauca,.71
Colombia,Cesar,.72
Colombia,Cordoba,.707
Colombia,Cundinamarca,.765
Colombia,Choco,.687
Colombia,Huila,.717
Colombia,Guajira,.687
Colombia,Magdalena,.717
Colombia,Meta,.769
Colombia,Narino,.713
Colombia,Norte de Santander,.74
Colombia,Quindio,.775
Colombia,Risaralda,.752
Colombia,Santander,.768
Colombia,Sucre,.734
Colombia,Tolima,.737
Colombia,Valle (incl Cali),.782
Colombia,Arauca,.731
Colombia,Casanare,.741
Colombia,Putumayo,.708
Colombia,San Andres,.78
Colombia,Amazonas,.708
Colombia,Guainja,.661
Colombia,Guaviare,.746
Colombia,Vaupis,.631
Colombia,Vichada,.745
Comoros,Grande Comore (Ngazidja),.607
Comoros,Moheli,.603
Comoros,Anjouan (Ndzouani),.56
Cape Verde,S.Antao,.642
Cape Verde,S.Vicente,.685
Cape Verde,Santiago-Interior,.604
Cape Verde,Santiago- Praia,.696
Cape Verde,Fogo,.667
Costa Rica,San Jose,.824
Costa Rica,Alajuela,.8
Costa Rica,Cartago,.803
Costa Rica,Heredia,.833
Costa Rica,Guanacaste,.79
Costa Rica,Puntarenas,.783
Costa Rica,Limon,.765
Cuba,Pinar del Rio,.756
Cuba,Prov. Habana,.777
Cuba,C. Habana,.813
Cuba,Matanzas,.769
Cuba,Villa Clara,.748
Cuba,Cienfuegos,.763
Cuba,S.Spiritus,.748
Cuba,Ciego de Avila,.764
Cuba,Camaguey,.74
Cuba,Las Tunas,.736
Cuba,Holguin,.742
Cuba,Granma,.737
Cuba,Santiago de Cuba,.764
Cuba,Guantanamo,.768
Cuba,Isla,.802
Czech Republic,Praha,.965
Czech Republic,Stredni Cechy,.85
Czech Republic,Jihozapad,.878
Czech Republic,Severozapad,.835
Czech Republic,Severovychod,.871
Czech Republic,Jihovychod,.903
Czech Republic,Stredni Morava,.881
Czech Republic,Moravskoslezsko,.863
Germany,Baden-Wurttemberg,.963
Germany,Bayern,.958
Germany,Berlin,.967
Germany,Brandenburg,.926
Germany,Bremen,.954
Germany,Hamburg,.975
Germany,Hessen,.954
Germany,Mecklenburg-Vorpommern,.922
Germany,Niedersachsen,.936
Germany,Nordrhein-Westfalen,.946
Germany,Rheinland-Pfalz,.938
Germany,Saarland,.934
Germany,Sachsen,.944
Germany,Sachsen-Anhalt,.921
Germany,Schleswig-Holstein,.929
Germany,Thuringen,.928
Djibouti,Djibouti,.522
Djibouti,Other Districts,.473
Denmark,Hovedstaden,.97
Denmark,Sjaelland,.918
Denmark,Syddanmark,.937
Denmark,Midtjylland,.948
Denmark,Nordjylland,.931
Dominican Republic,"Region 0 (Distrito Nacional, Santo Domingo, Monte Plata)",.781
Dominican Republic,"Region I (Peravia, San Cristobal, San Jose de Ocoa, Azua)",.762
Dominican Republic,"Region II (Espaillat, Puerto Plata, Santiago)",.759
Dominican Republic,"Region III (Duarte, Maria Trinidad Sanchez, Salcedo, Samana)",.762
Dominican Republic,"Region IV (Independencia, Bahoruco, Barahona, Pedernales)",.754
Dominican Republic,"Region V (El Seibo, La Altagracia, La Romana, San Pedro de Macoris, Hato Mayor)",.75
Dominican Republic,"Region VI (San Juan, Elias Pina)",.733
Dominican Republic,"Region VII (Dajabon, Monte Cristi, Santiago Rodriguez, Valverde)",.74
Dominican Republic,"Region VIII (La Vega, Monsenor Nouel, Sanchez Ramirez)",.765
Algeria,"Nord Centre (Alger, Blida, Boumerdes, Tipaza, Bouira, Medea, Tizi-Ouzou, Bejaia, Chlef, Ain Defla)",.766
Algeria,"Nord Est (Annaba, Constantine, Skikda, Jijel, Mila, Souk Ahras, El Tarf, Guelma)",.741
Algeria,"Nord Ouest (Oran, Tlemcen, Mostaganem, Ain Temouchent, Relizane, Sidi Bel Abbes, Mascara)",.737
Algeria,"Hauts Plateaux Centre (Djelfa, Laghouat, MSila)",.722
Algeria,"Hauts Plateaux Est (Setif, Batna, Khenchela, Bordj Bou Arreridj, Oum El Bouaghi, Tebessa)",.735
Algeria,"Hauts Plateaux Ouest (Tiaret, Saida, Tissemsilt, Naama, El Bayadh)",.73
Algeria,"Sud (Bechar, Tindouf, Adrar, Ghardaia, Biskra, El Oued, Ouargla, Tamanrasset,Illizi)",.736
Ecuador,Coste,.763
Ecuador,Sierra,.778
Ecuador,Oriente,.728
Egypt,Cairo,.777
Egypt,Alexandria,.777
Egypt,Port Said,.795
Egypt,Suez,.781
Egypt,Damietta,.754
Egypt,Dakahlia,.745
Egypt,Sharkia,.727
Egypt,Kalyubia,.732
Egypt,Kafr El-Sheikh,.732
Egypt,Gharbia,.74
Egypt,Menoufia,.748
Egypt,Behera,.715
Egypt,Ismailia,.742
Egypt,Giza,.73
Egypt,Beni Suef,.694
Egypt,Fayoum,.698
Egypt,Menya,.686
Egypt,Assuit,.673
Egypt,Souhag,.682
Egypt,Qena,.705
Egypt,Aswan,.722
Egypt,"Frontier governorates (Red Sea, New Valley, Matroh, North Sainai, South Sainai)",.735
Eritrea,Debubawi Keih Bahri,.493
Eritrea,Maekel,.678
Eritrea,Semenawi Keih Bahri,.4
Eritrea,Anseba,.45
Eritrea,Gash-Barka,.37
Eritrea,Debub,.469
Spain,Galicia,.91
Spain,Principado de Asturias,.906
Spain,Cantabria,.91
Spain,Pais Vasco,.939
Spain,Comunidad Foral de Navarra,.928
Spain,La Rioja,.916
Spain,Aragon,.915
Spain,Comunidad de Madrid,.942
Spain,Castilla y Leon,.912
Spain,Castilla-la Mancha,.876
Spain,Extremadura,.876
Spain,Cataluna,.922
Spain,Comunidad Valenciana,.897
Spain,Illes Balears,.879
Spain,Andalucia,.881
Spain,Region de Murcia,.885
Spain,Ciudad Autonoma de Ceuta,.86
Spain,Ciudad Autonoma de Melilla,.867
Spain,Canarias,.876
Estonia,Pohja-Eesti,.941
Estonia,Laane-Eesti,.855
Estonia,Kesk-Eesti,.838
Estonia,Kirde-Eesti,.857
Estonia,Louna-Eesti,.873
Ethiopia,Tigray,.517
Ethiopia,Affar,.437
Ethiopia,Amhara,.474
Ethiopia,Oromiya,.476
Ethiopia,Somali,.442
Ethiopia,Ben-Gumz,.484
Ethiopia,SNNP,.497
Ethiopia,Gambela,.569
Ethiopia,Harari,.588
Ethiopia,Addis,.717
Ethiopia,Dire Dawa,.572
Finland,Lansi-Suomi,.936
Finland,Helsinki-Uusimaa,.961
Finland,Etela-Suomi,.932
Finland,Pohjois-ja Ita-Suomi,.929
Finland,Aland,.937
Fiji,Naitasiri,.744
Fiji,Rewa,.731
Fiji,"Serua, Namosi",.703
Fiji,Tailevu,.719
Fiji,"Kadavu, Lau, Lomaiviti, Rotuma",.68
Fiji,"Cakaudrove, Bua",.686
Fiji,Macuata,.719
Fiji,Ba,.734
Fiji,Nadroga or Navosa,.697
Fiji,Ra,.676
France,Ile de France,.956
France,Champagne-Ardenne,.883
France,Picardie,.87
France,Haute-Normandie,.892
France,Centre,.885
France,Basse-Normandie,.881
France,Bourgogne,.886
France,Nord,.888
France,Lorraine,.878
France,Alsace,.904
France,Franche-Comte,.887
France,Pays de la Loire,.905
France,Bretagne,.903
France,Poitou-Charentes,.891
France,Aquitaine,.907
France,Midi-Pyrenees,.91
France,Limousin,.886
France,Rhone-Alpes,.923
France,Auvergne,.889
France,Languedoc-Roussillon,.893
France,Provence-Alpes-Cote dAzur,.912
France,Corse,.864
France,Guadeloupe,.86
France,Martinique,.854
France,French Guyana,.79
France,Reunion,.848
France,Mayotte,.78
Gabon,Estuaire,.716
Gabon,Haut Ogooue,.668
Gabon,Moyen Ogooue,.653
Gabon,Ngounie,.625
Gabon,Nyanga,.633
Gabon,Ogooue Ivindo,.595
Gabon,Ogooue Lolo,.628
Gabon,Ogooue Maritime,.703
Gabon,Woleu Ntem,.651
Gabon,Libreville-Port Gentil,.688
United Kingdom,North East,.911
United Kingdom,North West,.927
United Kingdom,Yorkshire and The Humber,.92
United Kingdom,East Midlands,.925
United Kingdom,West Midlands,.925
United Kingdom,East of England,.928
United Kingdom,London,.984
United Kingdom,South East,.954
United Kingdom,South West,.936
United Kingdom,Wales,.91
United Kingdom,Scotland,.933
United Kingdom,Northern Ireland,.907
Georgia,Ajaria,.819
Georgia,Guria,.771
Georgia,Imereti Racha-Lochkhumi Kvemo Svaneti,.813
Georgia,Kakheti,.769
Georgia,Kvemo Kartli,.796
Georgia,Mtskheta-Mtianeti,.757
Georgia,Samegrelo-Zemo Svateni,.777
Georgia,Samtskhe-Javakheti,.787
Georgia,Shida Kartli,.792
Georgia,Tbilisi,.836
Ghana,Western,.611
Ghana,Central,.612
Ghana,Greater Accra,.67
Ghana,Volta,.603
Ghana,Eastern,.622
Ghana,Ashanti,.618
Ghana,Brong Ahafo,.591
Ghana,Northern,.496
Ghana,Upper West,.536
Ghana,Upper East,.565
Guinea,Boke,.446
Guinea,Conakry,.66
Guinea,Faranah,.409
Guinea,Kankan,.396
Guinea,Kindia,.464
Guinea,Labe,.404
Guinea,Mamou,.437
Guinea,N Zerekore,.456
Gambia,Banjul,.54
Gambia,Kanifing,.548
Gambia,Brikama,.524
Gambia,Mansakonko,.438
Gambia,Kerewan,.445
Gambia,Kuntaur,.337
Gambia,Janjabureh,.385
Gambia,Basse,.421
Guinea Bissau,Tombali,.467
Guinea Bissau,Quinara,.471
Guinea Bissau,Oio,.433
Guinea Bissau,Biombo,.481
Guinea Bissau,Bolama,.473
Guinea Bissau,Bafata,.463
Guinea Bissau,Gabu,.388
Guinea Bissau,Cacheu,.503
Guinea Bissau,Bissau,.578
Equatorial Guinea,"Annobon, Bioko",.782
Equatorial Guinea,Centro Sur,.555
Equatorial Guinea,Kie Ntem,.581
Equatorial Guinea,Litoral,.691
Equatorial Guinea,Wele Nzas,.533
Greece,Attiki,.918
Greece,Voreio Aigaio,.868
Greece,Notio Aigaio,.87
Greece,Kriti,.882
Greece,"Anatoliki Makedonia, Thraki",.862
Greece,Kentriki Makedonia,.876
Greece,Dytiki Makedonia,.885
Greece,Ipeiros,.878
Greece,Thessalia,.88
Greece,Ionia Nisia,.872
Greece,Dytiki Ellada,.864
Greece,Sterea Ellada,.876
Greece,Peloponnisos,.871
Guatemala,Metropolitan,.723
Guatemala,North,.557
Guatemala,North-Oriental,.622
Guatemala,South-Oriental,.615
Guatemala,Central,.64
Guatemala,South-Occidental,.609
Guatemala,North-Occidental,.556
Guatemala,Peten,.61
Guyana,Barima-Waini,.661
Guyana,Pomeroon-Supenaam,.696
Guyana,Essequibo Islands-West Demerara,.733
Guyana,Demerara-Mahaica,.761
Guyana,Mahaica-Berbice,.737
Guyana,East Berbice-Corentyne,.735
Guyana,Cuyuni-Mazaruni,.687
Guyana,Potaro-Siparuni,.652
Guyana,Upper Takutu-Upper Essequibo,.686
Guyana,Upper Demerara-Berbice,.766
Honduras,Atlantida,.63
Honduras,Colon,.603
Honduras,Comayagua,.609
Honduras,Copan,.575
Honduras,Cortes,.666
Honduras,Choluteca,.586
Honduras,El Paraiso,.588
Honduras,Francisco Morazan,.681
Honduras,Gracias a Dios,.552
Honduras,Intibuca,.573
Honduras,Islas de la Bahia,.655
Honduras,La Paz,.597
Honduras,Lempira,.547
Honduras,Ocotepeque,.592
Honduras,Olancho,.581
Honduras,Santa Barbara,.596
Honduras,Valle,.592
Honduras,Yoro,.612
Croatia,City of Zagreb,.938
Croatia,County of Zagreb,.86
Croatia,County of Krapina-Zagorje,.836
Croatia,County of Varazdin,.862
Croatia,County of Koprivnica-Krizevc,.847
Croatia,County of Medimurje,.856
Croatia,County of Bjelovar-Bilogora,.835
Croatia,County of Virovitica-Podravina,.818
Croatia,County of Pozega-Slavonia,.825
Croatia,County of Brod-Posavina,.828
Croatia,County of Osijek-Baranja,.857
Croatia,County of Vukovar-Srijem,.828
Croatia,County of Karlovac,.85
Croatia,County of Sisak-Moslavina,.844
Croatia,County of Primorje-Gorski Kotar,.906
Croatia,County of Lika-Senj,.842
Croatia,County of Zadar,.86
Croatia,County of Sibenik-Knin,.853
Croatia,County of Split-Dalmatia,.871
Croatia,County of Istria,.896
Croatia,County of Dubrovnik-Neretva,.887
Haiti,West (incl Metropolitain area),.582
Haiti,South-East,.531
Haiti,North,.569
Haiti,North-East,.542
Haiti,Artibonite,.518
Haiti,Centre,.502
Haiti,South,.538
Haiti,"Grande-Anse, Nippes",.522
Haiti,North-West,.545
Hungary,Kozep-Magyarorszag,.934
Hungary,Kozep-Dunantul,.848
Hungary,Nyugat-Dunantul,.862
Hungary,Del-Dunantul,.841
Hungary,Eszak-Magyarorszag,.818
Hungary,Eszak-Alfold,.831
Hungary,Del-Alfold,.848
Indonesia,DI Aceh,.717
Indonesia,North Sumatra,.719
Indonesia,West Sumatra,.736
Indonesia,Riau (incl. Riau islands),.725
Indonesia,Jambi,.706
Indonesia,South Sumatra,.705
Indonesia,Bengkulu,.724
Indonesia,Lampung,.702
Indonesia,Bangka Belitung,.699
Indonesia,DKI Jakarta,.767
Indonesia,West Java,.715
Indonesia,Central Java,.712
Indonesia,DI Yogyakarta,.764
Indonesia,East Java,.711
Indonesia,Banten,.713
Indonesia,Bali,.738
Indonesia,West Nusa Tenggara,.698
Indonesia,East Nusa Tenggara,.656
Indonesia,West Kalimantan,.686
Indonesia,Central Kalimantan,.69
Indonesia,South Kalimantan,.697
Indonesia,East Kalimantan,.734
Indonesia,North Sulawesi,.724
Indonesia,Central Sulawesi,.693
Indonesia,South Sulawesi (incl Sulawesi Barat),.707
Indonesia,Southeast Sulawesi,.704
Indonesia,Gorontalo,.671
Indonesia,Maluku,.698
Indonesia,Irian Jaya (Papua and Papua Barat),.655
India,Andhra Pradesh,.642
India,Assam,.615
India,Bihar,.577
India,Goa,.76
India,Gujarat,.646
India,Haryana,.696
India,Himachal Pradesh,.715
India,Jammu and Kashmir,.72
India,Karnataka,.673
India,Kerala,.758
India,Madhya Pradesh,.611
India,Maharashtra,.695
India,Manipur,.683
India,Meghalaya,.65
India,Mizoram,.709
India,Nagaland,.679
India,Orissa,.61
India,Punjab,.698
India,Rajasthan,.652
India,Sikkim,.712
India,Tamil Nadu,.692
India,West Bengal,.635
India,Uttar Pradesh,.609
India,New Delhi,.734
India,Arunachal Pradesh,.683
India,Tripura,.624
India,Uttaranchal,.681
India,Jharkhand,.6
India,Chhattisgarh,.625
India,Telangana,.66
India,Chandigarth,.751
India,Dadra and Nagar Haveli,.624
India,Puducherry,.741
India,Daman and Diu,.674
India,Lakshadweep,.719
India,Andaman and Nicobar Islands,.706
Ireland,Border,.915
Ireland,Midland,.916
Ireland,West,.943
Ireland,Dublin,.954
Ireland,Mid-East,.943
Ireland,Mid-West,.938
Ireland,South-East,.932
Ireland,South-West,.95
Iran,Markazi,.773
Iran,Gilan,.785
Iran,Mazandaran,.805
Iran,EastAzarbayejan,.767
Iran,WestAzarbayejan,.742
Iran,Kermanshah,.778
Iran,Khuzestan,.784
Iran,Fars,.79
Iran,Kerman,.761
Iran,Khorasan-e-Razavi,.763
Iran,Esfahan,.812
Iran,Sistanand Baluchestan,.671
Iran,Kordestan,.728
Iran,Hamedan,.756
Iran,Chaharmahal and Bakhtiyari,.777
Iran,Lorestan,.763
Iran,Ilam,.796
Iran,Kohgiluyeh and Boyerahmad,.773
Iran,Bushehr,.793
Iran,Zanjan,.754
Iran,Semnan,.804
Iran,Yazd,.805
Iran,Hormozgan,.751
Iran,Tehran and Alborz,.817
Iran,Ardebil,.743
Iran,Qom,.797
Iran,Qazvin,.777
Iran,Golestan,.758
Iran,North Khorasan,.729
Iran,South Khorasan,.739
Iraq,Dohouk,.689
Iraq,Nenava,.681
Iraq,Suleimaniya,.693
Iraq,Ta-amem-Karkuk,.691
Iraq,Erbil,.69
Iraq,Diala,.681
Iraq,Anbar,.667
Iraq,Baghdad,.689
Iraq,Babylon,.668
Iraq,Kerbela,.653
Iraq,Wasit,.643
Iraq,Salaheldeen,.679
Iraq,Najaf,.642
Iraq,Qadisiya,.666
Iraq,Muthanna,.633
Iraq,Thi-Qar,.672
Iraq,Maysan,.624
Iraq,Basra,.65
Italy,Piemonte,.912
Italy,Valle dAosta,.899
Italy,Liguria,.913
Italy,Lombardia,.927
Italy,Abruzzo,.901
Italy,Molise,.885
Italy,Campania,.868
Italy,Puglia,.869
Italy,Basilicata,.88
Italy,Calabria,.859
Italy,Sicilia,.859
Italy,Sardegna,.879
Italy,Provincia Autonoma di Bolzano,.925
Italy,Provincia Autonoma di Trento,.934
Italy,Veneto,.914
Italy,Friuli-Venezia Giulia,.918
Italy,Emilia-Romagna,.935
Italy,Toscana,.921
Italy,Umbria,.908
Italy,Marche,.915
Italy,Lazio,.929
Jamaica,"Kingston, St Andrew",.714
Jamaica,"St Thomas, Portland, St Mary",.695
Jamaica,"St Ann, St Catherine",.721
Jamaica,"Trelawny, St Elizabeth",.688
Jamaica,"St James, Hanover, Westmoreland",.698
Jamaica,"Manchester, Clarendon",.703
Jordan,Amman,.753
Jordan,Balqa,.733
Jordan,Zarqa,.721
Jordan,Madaba,.72
Jordan,Irbid,.731
Jordan,Mafraq,.682
Jordan,Jarash,.731
Jordan,Aljoun,.73
Jordan,Karak,.746
Jordan,Tafiela,.73
Jordan,Maan,.706
Jordan,Aqaba,.737
Japan,Hokkaido,.893
Japan,"Tohoku (Aomori, Iwate, Miyagi, Akita, Yamagata, Fukushima)",.888
Japan,"Northern-Kanto, Koshin (Ibaraki, Tochigi, Gunma)",.908
Japan,"Southern-Kanto (Saitama, Chiba, Tokyo, Kanagawa, Yamanashi, Nagano)",.946
Japan,"Hokuriku (Niigata, Toyama, Ishikawa, Fukui)",.902
Japan,"Toukai (Gifu, Shizuoka, Aichi, Mie)",.92
Japan,"Kansai region (Shiga, Kyoto, Osaka, Hyogo, Nara, Wakayama)",.922
Japan,"Chugoku (Tottori, Shimane, Okayama, Hiroshima, Yamaguchi)",.916
Japan,"Shikoku (Tokushima, Kagawa, Ehime, Kochi)",.899
Japan,"Kyushu (Fukuoka, Saga, Nagasaki, Kumamoto, Oita, Miyazaki, Kagoshima, Okinawa)",.899
Kazakhstan,Almaty city,.831
Kazakhstan,"South region (Almatinskaya, Zhambylskaya, Kyzylordinskaya, South-Kazakhstanskaya)",.785
Kazakhstan,"West region (Aktyubinskaya, Atyrauskaya, Mangistauskaya, West-Kazakhstanskaya)",.794
Kazakhstan,Central region (Karagandinskaya),.823
Kazakhstan,"North region (Akmolinskaya (incl Astana city), Kostnaiskaya, Pavlodarskaya, North-Kazakhstanskaya)",.816
Kazakhstan,East region (East-Kazakhstanskaya),.787
Kenya,Nairobi,.663
Kenya,Central,.627
Kenya,Coast,.582
Kenya,Eastern,.595
Kenya,Nyanza,.576
Kenya,Rift Valley,.593
Kenya,Western,.582
Kenya,North Eastern,.468
Kyrgyzstan,Bishkek,.738
Kyrgyzstan,Issyk-Kul,.701
Kyrgyzstan,Chuy,.708
Kyrgyzstan,Talas,.678
Kyrgyzstan,Jalal-Abad,.677
Kyrgyzstan,Osh,.679
Kyrgyzstan,Naryn,.683
Kyrgyzstan,Batken,.681
Cambodia,Banteay Mean Chey,.636
Cambodia,Kampong Cham (incl Tboung Khmum),.545
Cambodia,Kampong Chhnang,.615
Cambodia,Kampong Spueu,.499
Cambodia,Kampong Thum,.557
Cambodia,Kandal,.6
Cambodia,Kaoh Kong,.548
Cambodia,Phnom Penh,.696
Cambodia,Prey Veaeng,.602
Cambodia,Pousat,.528
Cambodia,Svay Rieng,.601
Cambodia,Takaev,.629
Cambodia,Bat Dambang-Krong Pailin,.594
Cambodia,Kampot-Krong Kaeb-Krong Preah Sihanouk,.573
Cambodia,Preah Vihear-Stueng Traeng-Kracheh,.572
Cambodia,Mondol Kiri-Rotanak Kiri,.531
Cambodia,Siem Reab-Otdar Mean Chey,.606
Kiribati,Souyth Tarawa,.659
Kiribati,Northern Gilbert,.598
Kiribati,Central Gibert,.577
Kiribati,Southern Gilbert,.595
Kiribati,Line and Phoenix Group,.607
South Korea,Capital Region,.961
South Korea,Gyeongnam Region,.926
South Korea,Gyeongbuk Region,.866
South Korea,Jeolla Region,.91
South Korea,Chungcheong Region,.913
South Korea,Gangwon Region,.906
South Korea,Jeju,.905
Kuwait,"Al Asimah, Hawalli, Al-Farwaniyah, Mubarak al-Sabah",.845
Kuwait,Ahmadi,.856
Kuwait,Al-Jahra,.836
Lao,Vientiane Municipality,.743
Lao,Phongsaly,.555
Lao,Luangnamtha,.588
Lao,Oudomxay,.581
Lao,Bokeo,.592
Lao,Luangprabang,.605
Lao,Huaphanh,.592
Lao,Sayabury,.675
Lao,Xiengkhuang,.647
Lao,Vientiane Province,.633
Lao,Borikhamxay,.657
Lao,Khammuane,.602
Lao,Savannakhet,.578
Lao,Saravane,.535
Lao,Sekong,.591
Lao,Champasack,.612
Lao,Attapeu,.597
Lebanon,Beirut,.693
Lebanon,Mount Lebanon,.722
Lebanon,Northern,.712
Lebanon,Beqaa,.75
Lebanon,"Southern, Nabtieh",.74
Liberia,Bomi,.467
Liberia,Bong,.45
Liberia,Gbarpolu,.394
Liberia,Grand Bassa,.42
Liberia,Grand Cape Mount,.402
Liberia,Grand Gedeh,.472
Liberia,Grand Kru,.444
Liberia,Lofa,.428
Liberia,Margibi,.47
Liberia,Maryland,.477
Liberia,Montserrado,.554
Liberia,Nimba,.471
Liberia,River Cess,.434
Liberia,River Gee,.478
Liberia,Sinoe,.441
Libya,Cyrenaica,.736
Libya,Tripolitania,.751
Libya,Fezzan,.744
Saint Lucia,St Lucia urban,.72
Saint Lucia,St Lucia rural,.726
Lesotho,Butha-Buthe,.527
Lesotho,Leribe,.522
Lesotho,Berea,.549
Lesotho,Maseru,.557
Lesotho,Mafeteng,.502
Lesotho,Mohale s Hoek,.511
Lesotho,Quthing,.468
Lesotho,Qasha s Nek,.486
Lesotho,Mokhotlong,.454
Lesotho,Thaba-Tseka,.443
Lithuania,Alytus County,.846
Lithuania,Kaunas County,.886
Lithuania,Klaipeda County,.88
Lithuania,Marijampole County,.835
Lithuania,Panevezys County,.85
Lithuania,Siauliai County,.852
Lithuania,Taurage County,.825
Lithuania,Telsiai County,.85
Lithuania,Utena County,.837
Lithuania,Vilnius County,.918
Latvia,Riga region,.937
Latvia,Pieriga region,.898
Latvia,Vidzeme region,.868
Latvia,Kurzeme region,.87
Latvia,Zemgale region,.861
Latvia,Latgale region,.846
Morocco,North west,.717
Morocco,Centre north,.699
Morocco,Centre,.734
Morocco,Eastern,.66
Morocco,Centre south,.68
Morocco,Tensift,.66
Morocco,South,.681
Moldova,North,.742
Moldova,Center,.738
Moldova,South,.759
Moldova,Chisinau,.831
Madagascar,Analamanga,.586
Madagascar,Vakinankaratra,.487
Madagascar,Itasy,.488
Madagascar,Bongolava,.459
Madagascar,Haute Matsiatra,.497
Madagascar,Anamoroni Mania,.475
Madagascar,Vatovavy Fitovinany,.439
Madagascar,Ihorombe,.45
Madagascar,Atsimo Atsinanana,.41
Madagascar,Atsinanana,.497
Madagascar,Analanjirofo,.505
Madagascar,Alaotra Mangoro,.507
Madagascar,Boeny,.5
Madagascar,Sofia,.467
Madagascar,Betsiboka,.425
Madagascar,Melaky,.431
Madagascar,Atsimo Andrefana,.445
Madagascar,Androy,.412
Madagascar,Anosy,.382
Madagascar,Menabe,.382
Madagascar,Diana,.553
Madagascar,Sava,.509
Maldives,Male,.801
Maldives,North,.727
Maldives,North Central,.725
Maldives,Central,.717
Maldives,South Central,.733
Maldives,South,.732
Mexico,Aguascalientes,.798
Mexico,Baja California,.811
Mexico,Baja California Sur,.806
Mexico,Campeche,.771
Mexico,Coahuila,.799
Mexico,Colima,.79
Mexico,Chiapas,.697
Mexico,Chihuahua,.786
Mexico,Distrito Federal,.839
Mexico,Durango,.771
Mexico,Guanajuato,.758
Mexico,Guerrero,.715
Mexico,Hidalgo,.76
Mexico,Jalisco,.79
Mexico,Mexico,.785
Mexico,Michoacan de Ocampo,.745
Mexico,Morelos,.778
Mexico,Nayarit,.777
Mexico,Nuevo Leon,.809
Mexico,Oaxaca,.709
Mexico,Puebla,.743
Mexico,Queretaro,.789
Mexico,Quintana Roo,.782
Mexico,San Luis Potosi,.761
Mexico,Sinaloa,.805
Mexico,Sonora,.804
Mexico,Tabasco,.774
Mexico,Tamaulipas,.793
Mexico,Tlaxcala,.772
Mexico,Veracruz,.744
Mexico,Yucatan,.774
Mexico,Zacatecas,.766
North Macedonia,Skopski,.784
North Macedonia,Pelagoniski,.764
North Macedonia,Vardarski,.761
North Macedonia,North East,.738
North Macedonia,South West,.762
North Macedonia,South East,.718
North Macedonia,Poloski,.748
North Macedonia,East,.743
Mali,Kayes,.379
Mali,Koulikoro,.413
Mali,Sikasso,.392
Mali,Segou,.365
Mali,Mopti,.341
Mali,Tombouctou,.319
Mali,Gao and Kidal,.374
Mali,Bamako,.576
Myanmar,Kachin,.651
Myanmar,Kayah,.636
Myanmar,Kayin,.579
Myanmar,Chin,.614
Myanmar,Sagaing,.597
Myanmar,Taninthayi,.606
Myanmar,Bago,.6
Myanmar,Magway,.61
Myanmar,"Mandalay, NayPyitaw",.626
Myanmar,Mon,.634
Myanmar,Rakhine,.566
Myanmar,Yangon,.697
Myanmar,Shan,.529
Myanmar,Ayeyarwaddy,.581
Monte Negro,North,.838
Monte Negro,Centre,.853
Monte Negro,South,.825
Mongolia,"Western (Bayan-Ulgii, Govi-Altai, Zavkhan, Uvs, Khovd)",.674
Mongolia,"Khangai (Arkhangai, Bayankhongor, Bulgan, Uvurkhangai, Khuvsgul, Orkhon)",.684
Mongolia,"Central (Dornogovi, Dundgovi, Umnugovi, Selenge, Tuv, Darkhan-Uul, Govisumber)",.732
Mongolia,"Eastern (Dornod, Sukhbaatar, Khentii)",.699
Mongolia,Ulaanbaatar,.783
Mozambique,Niassa,.419
Mozambique,Cabo delgado,.425
Mozambique,Nampula,.443
Mozambique,Zambezia,.396
Mozambique,Tete,.42
Mozambique,Manica,.48
Mozambique,Sofala,.491
Mozambique,Inhambane,.511
Mozambique,Gaza,.505
Mozambique,Maputo Provincia,.593
Mozambique,Maputo Cidade,.638
Mauritania,Hodh Charghi,.404
Mauritania,Hodh Gharbi,.451
Mauritania,Assaba,.474
Mauritania,Gorgol,.459
Mauritania,Brakna,.514
Mauritania,Trarza incl Nouakchott,.648
Mauritania,Adrar,.56
Mauritania,Nouadhibou,.675
Mauritania,Tagant,.506
Mauritania,Guidimagha,.438
Mauritania,Tiris-Zemmour,.696
Mauritania,Inchiri,.605
Mauritius,"North (Port Louis, Pamplemousses, Riviere du Rempart, Flacq, Moka)",.791
Mauritius,"South (Grand Port, Savanne, Plaines Wilhems, Black River)",.806
Mauritius,Rodrigues,.715
Malawi,Blantyre,.574
Malawi,Kasungu,.534
Malawi,Machinga,.484
Malawi,Mangochi,.458
Malawi,Mzimba,.544
Malawi,Salima,.481
Malawi,Thyolo,.479
Malawi,Zomba,.516
Malawi,Lilongwe,.517
Malawi,Mulanje,.504
Malawi,"Other northern (Chitipa, Karonga, Rumphi, Nkhata Bay)",.551
Malawi,"Other central (Nkhota Kota, Mchinji, Dowa, Ntchisi, Dedza, Ntcheu)",.485
Malawi,"Other southern (Balaka, Mwanza, Phalombe, Chiradzulu, Chikwawa, Nsanje, neno)",.495
Malaysia,Johor,.821
Malaysia,Kedah,.804
Malaysia,Kelantan,.774
Malaysia,Melaka,.831
Malaysia,Negeri Sembilan,.825
Malaysia,Pahang,.801
Malaysia,Pulau Pinang,.841
Malaysia,Perak,.812
Malaysia,Perlis,.801
Malaysia,Selangor,.859
Malaysia,Terengganu,.796
Malaysia,Sabah,.706
Malaysia,Sarawak,.741
Malaysia,Kuala Lumpur Federal Territory,.863
Malaysia,Labuan Federal Territory,.782
Namibia,Caprivi,.571
Namibia,Erongo,.66
Namibia,Hardap,.629
Namibia,Karas,.644
Namibia,Khomas,.697
Namibia,Kunene,.54
Namibia,Ohangwena,.537
Namibia,Kavango,.52
Namibia,Omaheke,.56
Namibia,Omusati,.581
Namibia,Oshana,.628
Namibia,Oshikoto,.579
Namibia,Otjozondjupa,.601
Niger,Agadez,.493
Niger,Diffa,.374
Niger,Dosso,.375
Niger,Maradi,.377
Niger,Tillabery (incl Niamey),.484
Niger,Tahoua,.349
Niger,Zinder,.36
Nigeria,Akwa Ibom,.602
Nigeria,Anambra,.674
Nigeria,Bauchi,.372
Nigeria,Edo,.633
Nigeria,Benue,.582
Nigeria,Borno,.464
Nigeria,Cross River,.575
Nigeria,Adamawa,.539
Nigeria,Imo,.683
Nigeria,Kaduna,.545
Nigeria,Kano,.482
Nigeria,Katsina,.431
Nigeria,Kwara,.597
Nigeria,Lagos,.721
Nigeria,Niger,.523
Nigeria,Ogun,.579
Nigeria,Ondo,.611
Nigeria,Oyo,.603
Nigeria,Plateau,.563
Nigeria,Rivers,.601
Nigeria,Sokoto,.397
Nigeria,Abia,.622
Nigeria,Delta,.607
Nigeria,Enugu,.667
Nigeria,Jigawa,.371
Nigeria,Kebbi,.366
Nigeria,Kogi,.625
Nigeria,Osun,.607
Nigeria,Taraba,.527
Nigeria,Yobe,.439
Nigeria,Bayelsa,.573
Nigeria,Ebonyi,.706
Nigeria,Ekiti,.612
Nigeria,Gombe,.466
Nigeria,Nassarawa,.549
Nigeria,Zamfora,.392
Nigeria,Abuja FCT,.678
Nicaragua,"Pacifico (Chinandega, Leon, Managua, Masaya, Granada, Carazo, Rivas)",.719
Nicaragua,"Central-Norte (Boaco, Chontales, Jinotega, Matagalpa, Esteli, Madriz, Nueva Segovia)",.625
Nicaragua,"Atlantico (Rio San Juan, Atlantico Norte (Raan), Atlantico Sur (Raas))",.56
Netherlands,Groningen,.942
Netherlands,Friesland,.923
Netherlands,Drenthe,.918
Netherlands,Overijssel,.934
Netherlands,Gelderland,.936
Netherlands,Flevoland,.925
Netherlands,Utrecht,.967
Netherlands,Noord-Holland,.964
Netherlands,Zuid-Holland,.946
Netherlands,Zeeland,.922
Netherlands,Noord-Brabant,.947
Netherlands,Limburg,.936
Norway,Oslo og Akershus,.982
Norway,Hedmark og Oppland,.936
Norway,Sor-Ostlandet,.936
Norway,Agder og Rogaland,.958
Norway,Vestlandet,.963
Norway,Trondelag,.961
Norway,Nord-Norge,.95
Nepal,Koshi province,.598
Nepal,Madhesh province,.548
Nepal,Bagmati province,.658
Nepal,Gandaki province,.638
Nepal,Lumbini province,.594
Nepal,Karnali province,.575
Nepal,Sudurpashchim province,.579
New Zealand,Northland,.9
New Zealand,Auckland,.968
New Zealand,Waikato,.932
New Zealand,Bay of Plenty,.931
New Zealand,Gisborne,.897
New Zealand,Hawkes Bay,.921
New Zealand,Taranaki,.941
New Zealand,Manawatu-Wanganui,.915
New Zealand,Wellington,.969
New Zealand,Tasman - Nelson,.933
New Zealand,Marlborough,.938
New Zealand,West Coast,.922
New Zealand,Canterbury,.943
New Zealand,Otago,.936
New Zealand,Southland,.932
Pakistan,Punjab,.546
Pakistan,Sindh,.514
Pakistan,Khyber Pakhtunkhwa (NWFrontier),.511
Pakistan,Balochistan,.46
Pakistan,Islamabad (ICT),.654
Pakistan,Gilgit Baltistan,.574
Pakistan,AJK,.589
Pakistan,FATA,.453
Panama,Bocas del Toro,.749
Panama,Cocle,.792
Panama,Colon,.829
Panama,Chiriqui,.819
Panama,Darien,.719
Panama,Herrera,.819
Panama,Los Santos,.814
Panama,Panama,.852
Panama,Veraguas,.759
Panama,Kuna Yala,.608
Panama,Embera Wounaan,.64
Panama,Ngobe Bugle,.588
Peru,"North (Tumbes, Piura, Lambayeque, Cajamarca, La Libertad)",.73
Peru,"North East (Amazonas, Loreto, San Martin, Ucayali)",.702
Peru,"East (Madre de Dios, Cusco, Puno, Apurimac)",.7
Peru,"South (Tacna, Moquegua, Arequipa, Ica, Ayacucho)",.782
Peru,"West (Ancash, Lima, Callao)",.82
Peru,"Central (Huancavelica, Huanuco, Junin, Pasco)",.717
Philippines,National Capital Region,.743
Philippines,Cordillera Admin Region,.738
Philippines,I-Ilocos,.709
Philippines,II-Cagayan Valley,.718
Philippines,III-Central Luzon,.725
Philippines,IVA-CALABARZON,.723
Philippines,IVB-MIMAROPA,.694
Philippines,V-Bicol,.68
Philippines,VI-Western Visayas,.713
Philippines,VII-Central Visayas,.694
Philippines,VIII-Eastern Visayas,.696
Philippines,IX-Zamboanga Peninsula,.674
Philippines,X-Northern Mindanao,.712
Philippines,XI-Davao,.708
Philippines,XII-SOCCSKSARGEN,.684
Philippines,XIII-Caraga,.71
Philippines,ARMM,.629
Papua New Guinea,Western,.575
Papua New Guinea,Gulf,.533
Papua New Guinea,Central,.581
Papua New Guinea,National Capital District,.742
Papua New Guinea,Milne Bay,.573
Papua New Guinea,"Northern, Oro",.567
Papua New Guinea,Southern Highlands,.499
Papua New Guinea,Enga,.5
Papua New Guinea,Western Highlands,.599
Papua New Guinea,"Chimbu, Simbu",.583
Papua New Guinea,Eastern Highlands,.534
Papua New Guinea,Morobe,.605
Papua New Guinea,Madang,.57
Papua New Guinea,East Sepik,.562
Papua New Guinea,"West Sepik, Sandaun",.542
Papua New Guinea,Manus,.624
Papua New Guinea,New Ireland,.611
Papua New Guinea,East New Britain,.613
Papua New Guinea,West New Britain,.605
Papua New Guinea,Autonomous Region of Bougainville,.607
Papua New Guinea,Hela,.472
Papua New Guinea,Jiwaka,.564
Poland,Lodzkie,.874
Poland,Mazowieckie,.931
Poland,Malopolskie,.891
Poland,Slaskie,.889
Poland,Lubelskie,.863
Poland,Podkarpackie,.871
Poland,Swietokrzyskie,.865
Poland,Podlaskie,.875
Poland,Wielkopolskie,.887
Poland,Zachodniopomorskie,.873
Poland,Lubuskie,.869
Poland,Dolnoslaskie,.894
Poland,Opolskie,.872
Poland,Kujawsko-Pomorskie,.869
Poland,Warminsko-Mazurskie,.853
Poland,Pomorskie,.896
Portugal,Norte,.862
Portugal,Algarve,.859
Portugal,Centro,.865
Portugal,Area Metropolitana de Lisboa,.907
Portugal,Alentejo,.85
Portugal,Regiao Autonoma dos Acores,.814
Portugal,Regiao Autonoma da Madeira,.829
Paraguay,"North-West (Boqueron, Alto Paraguay, Presidente Hayes, Conception, Amambay, San pedro, Cordillera)",.704
Paraguay,"North-East (Caaguazu, Alto Parana, Canideyu)",.71
Paraguay,"South-West (Caazapa, Itapua)",.714
Paraguay,"South-East (Guaira, Misiones, Paraguari, Neembucu)",.719
Paraguay,"Central (Asuncion, Central)",.768
Palestine,Jenin,.721
Palestine,Tubas,.719
Palestine,Tulkarm,.734
Palestine,Nablus,.726
Palestine,Qalqiliya,.724
Palestine,Salfit,.731
Palestine,Ramallah & Al-Bireh,.725
Palestine,Jericho and Al Aghwar,.696
Palestine,Jerusalem,.711
Palestine,Bethlehem,.731
Palestine,Hebron,.709
Palestine,North Gaza,.7
Palestine,Gaza City,.705
Palestine,Deir El-Balah,.713
Palestine,Khan Yunis,.711
Palestine,Rafah,.696
Romania,Nord-Est,.785
Romania,Sud-Est,.796
Romania,Sud,.785
Romania,Sud-Vest Oltenia,.806
Romania,Vest,.831
Romania,Nord-Vest,.831
Romania,Centru,.823
Romania,Bucuresti,.926
Russian Federation,The Central Federal District,.815
Russian Federation,The North West Federal District,.822
Russian Federation,The South Federal District,.764
Russian Federation,The North-Caucasian Federal District,.752
Russian Federation,The Privolzhsky (Volga) Federal District,.778
Russian Federation,The Urals  Federal District,.822
Russian Federation,The Siberian  Federal District,.768
Russian Federation,The Far East  Federal District,.769
Rwanda,City of Kigali,.644
Rwanda,South,.526
Rwanda,West,.536
Rwanda,North,.525
Rwanda,East,.54
Saudi Arabia,"Center (Riadh, Qassim)",.899
Saudi Arabia,"West (Makka, Madinah, Tabuk)",.871
Saudi Arabia,"South (Bahah, Jizan, Asir, Najran)",.854
Saudi Arabia,Eastern province,.862
Saudi Arabia,"North (Northern Borders, Al Jawf, Hail)",.889
Sudan,Northern,.638
Sudan,Nahr El Nil,.613
Sudan,Red Sea,.533
Sudan,Kassala,.466
Sudan,Al Gedarif,.463
Sudan,Khartoum,.638
Sudan,Al Gezira,.56
Sudan,White Nile,.503
Sudan,Sinnar,.506
Sudan,Blue Nile,.43
Sudan,North Kordofan,.475
Sudan,South Kordofan,.444
Sudan,North Darfur,.475
Sudan,West Darfur,.454
Sudan,South Darfur,.449
Senegal,Dakar,.614
Senegal,Ziguinchor,.596
Senegal,Diourbel,.395
Senegal,Saint Louis,.47
Senegal,Tambacounda,.46
Senegal,Kaolack,.465
Senegal,Thies,.569
Senegal,Louga,.458
Senegal,Fatick,.51
Senegal,Kolda,.46
Sierra Leone,Bombali,.459
Sierra Leone,Kambia,.423
Sierra Leone,Koinadugu,.418
Sierra Leone,Port Loko,.413
Sierra Leone,Tonkolili,.426
Sierra Leone,Kailahun,.438
Sierra Leone,Kenema,.433
Sierra Leone,Kono,.442
Sierra Leone,Bo,.445
Sierra Leone,Bonthe,.435
Sierra Leone,Moyamba,.414
Sierra Leone,Pujehun,.406
Sierra Leone,Western Rural,.496
Sierra Leone,Western Urban,.579
El Salvador,Occidental,.644
El Salvador,Central I,.711
El Salvador,Central II,.641
El Salvador,Oriental,.631
Somalia,W Galbeed,.457
Somalia,Awdal,.401
Somalia,Sanaag,.448
Somalia,Sool,.338
Somalia,Togdhere,.323
Somalia,Mudug,.374
Somalia,Nugal,.378
Somalia,Bari,.429
Somalia,Bakool,.295
Somalia,Bay,.294
Somalia,Gedo,.33
Somalia,Middle Juba,.232
Somalia,Hiran,.291
Somalia,Middle Shabelle,.315
Somalia,Lower Shabelle,.323
Somalia,Banadir,.459
Somalia,Galguduud,.279
Somalia,Lower Juba,.3
Serbia,Belgrade,.833
Serbia,Vojvodina,.798
Serbia,Sumadija and West Serbia,.794
Serbia,South and East Serbia,.796
South Sudan,Upper Nile,.422
South Sudan,Jonglei,.331
South Sudan,Unity,.34
South Sudan,Warrap,.308
South Sudan,Northern Bahr El Ghazal,.305
South Sudan,Western Bahr El Ghazal,.412
South Sudan,Lakes,.344
South Sudan,Western Equatoria,.426
South Sudan,Central Equatoria,.459
South Sudan,Eastern Equatoria,.367
Sao Tome & Principe,Regiao Centro,.632
Sao Tome & Principe,Regiao Sul,.581
Sao Tome & Principe,Regiao Norte,.582
Sao Tome & Principe,Regiao do Principe,.616
Suriname,Paramaribo,.708
Suriname,Wanica and Para,.696
Suriname,"Nickerie, Coronie and Saramacca",.687
Suriname,Commewijne and Marowijne,.673
Suriname,Brokopondo and Sipaliwini,.564
Slovakia,Bratislavsky kraj,.945
Slovakia,Zapadne Slovensko,.843
Slovakia,Stredne Slovensko,.836
Slovakia,Vychodne Slovensko,.817
Slovenia,Pomurska,.868
Slovenia,Podravska,.898
Slovenia,Koroska,.892
Slovenia,Savinjska,.903
Slovenia,Zasavska,.848
Slovenia,Posavska,.889
Slovenia,Jugovzhodna Slovenija,.905
Slovenia,Primorsko-notranjska,.888
Slovenia,Osrednjeslovenska,.97
Slovenia,Gorenjska,.919
Slovenia,Goriska,.911
Slovenia,Obalno-kraska,.928
Sweden,Stockholm,.976
Sweden,Ostra Mellansverige,.941
Sweden,Smaland med oarna,.941
Sweden,Sydsverige,.941
Sweden,Vastsverige,.951
Sweden,Norra Mellansverige,.934
Sweden,Mellersta Norrland,.94
Sweden,Ovre Norrland,.95
Eswatini,Hhohho,.625
Eswatini,Manzini,.596
Eswatini,Shiselweni,.604
Eswatini,Lubombo,.609
Syria,Damascus,.595
Syria,Rural Damascus,.572
Syria,Homs,.578
Syria,Hamaa,.563
Syria,Tartous,.594
Syria,Al Latakia,.599
Syria,Edlab Idleb,.529
Syria,Halab - Aleppo,.528
Syria,Al Raka-Raqqa,.499
Syria,Der El Zour - Deir Ezzor,.53
Syria,Al Hasaka,.507
Syria,Al Swida - Sweida,.604
Syria,Daraa,.566
Syria,Al Qunitara - Quneitra,.542
Chad,Zone 1 (N'Djamena),.531
Chad,"Zone 2 (Borkou, Ennedi, Tibesti, Kanem, Barh El Gazal, Lac)",.27
Chad,"Zone 3 (Guera, Batha, Salamat)",.336
Chad,"Zone 4 (Ouaddai, Assongha, Sila, Biltine - Wadi Fira)",.292
Chad,"Zone 5 (Chari-Baguimi, Dababa, Baguirmi, Hadjer Lamis)",.286
Chad,Zone 6 (Mayo-Kebbi Est and Ouest),.458
Chad,"Zone 7 (Logone Occidental & Oriental, Monts de Lam, Tandjile Est & Ouest)",.413
Chad,"Zone 8 (Mandoul, Moyen-Chari, Bahr Koh, Lac Iro)",.433
Togo,Lome,.617
Togo,Maritime,.527
Togo,Plateaux,.534
Togo,Centrale,.534
Togo,Kara,.515
Togo,Savanes,.471
Thailand,Bangkok,.836
Thailand,Central,.808
Thailand,North,.787
Thailand,Northeast,.782
Thailand,South,.791
Tajikistan,Duchanbe,.749
Tajikistan,Khatlon,.659
Tajikistan,Sughd (formerly Leninabad),.683
Tajikistan,DRS,.672
Tajikistan,GBAO,.687
Turkmenistan,Ashgabat City,.8
Turkmenistan,Akhal,.738
Turkmenistan,Balkan,.756
Turkmenistan,Dashoguz,.722
Turkmenistan,Lebap,.75
Turkmenistan,Mary,.723
Timor Leste,Aileu,.552
Timor Leste,Ainaro,.503
Timor Leste,Baucau,.544
Timor Leste,Bobonaro,.543
Timor Leste,Cova Lima,.554
Timor Leste,Dili,.673
Timor Leste,Ermera,.501
Timor Leste,Liquica,.57
Timor Leste,Lautem,.546
Timor Leste,Manufahi,.557
Timor Leste,Manatuto,.555
Timor Leste,Oecussi,.5
Timor Leste,Viqueque,.542
Tonga,Tongatapu,.748
Tonga,Vava-u,.727
Tonga,Ha-apai,.695
Tonga,Eua,.715
Tonga,Ongo Niua,.7
Trinidad & Tobago,North West,.816
Trinidad & Tobago,East,.793
Trinidad & Tobago,Central,.826
Trinidad & Tobago,South West,.809
Trinidad & Tobago,Tobago,.811
Tunisia,"Grand Tunis (Tunis, Ariana, Ben Arous, Manouba)",.777
Tunisia,"Nord Est (Nabeul, Zaghouan, Bizerte)",.719
Tunisia,"Nord Ouest (Beja, Jendouba, Kef, Siliana)",.707
Tunisia,"Centre Ouest (Kairouan, Kasserine, Sidi Bouzid)",.668
Tunisia,"Centre Est (Sousse, Monastir, Mahdia, Sfax)",.73
Tunisia,"Sud Ouest (Gafsa, Tozeur, Kebili)",.726
Tunisia,"Sud Est (Gabes, Medinine, Tataouine)",.73
Turkey,Istanbul,.888
Turkey,"West Marmara (Balikesir, Canakkale, Edirne, Kirkla",.858
Turkey,"Aegean (Afyon, Aydin, Denizli, Izmir, Kutahya, Man",.855
Turkey,"East Marmara (Bilecik, Bolu, Bursa, Duzce, Eskiseh",.864
Turkey,"West Anatolia (Ankara, Konya, Karaman)",.871
Turkey,"Mediterranean (Adana, Antalya, Burdur, Hatay, Ispa",.844
Turkey,"Central Anatolia (Kayseri, Kirsehir, Nevsehir, Nig",.834
Turkey,"West Black Sea (Amasya, Cankiri, Corum, Kastamonu,",.827
Turkey,"East Black Sea (Artvin, Giresun, Gumushane, Ordu,",.828
Turkey,"North East Anatolia (Agri, Erzincan, Erzurum, Kars",.809
Turkey,"Central East Anatolia (Bingol, Bitlis, Elazig, Hak",.804
Turkey,"South East Anatolia (Adiyaman, Diyarbakir, Gaziant",.805
Tuvalu,"Nanumea, Nanumaga, Niutao", 
Tuvalu,"Vaitupu, Nui, Nukufetau", 
Tuvalu,Funafuti,.674
Tanzania, Dodoma,.467
Tanzania," Arusha, Manyara",.535
Tanzania, Kilimanjaro,.603
Tanzania, Tanga,.536
Tanzania, Morogoro,.514
Tanzania, Pwani,.494
Tanzania, Dar Es Salam,.616
Tanzania, Lindi,.478
Tanzania, Mtwara,.477
Tanzania, Ruvuma,.522
Tanzania," Iringa, Njombe",.543
Tanzania, Mbeya,.51
Tanzania, Singida,.515
Tanzania, Tabora,.453
Tanzania," Rukwa, Katavi",.454
Tanzania, Kigoma,.489
Tanzania," Shinyanga, Simiyu",.478
Tanzania, Kagera,.49
Tanzania," Mwanza, Geita",.492
Tanzania, Mara,.509
Tanzania, Zanzibar North,.551
Tanzania, Zanzibar South,.602
Tanzania, Zanzibar West,.678
Tanzania, Pemba North,.534
Tanzania, Pemba South,.568
Uganda,Central 1 (Central South),.609
Uganda,Central 2 (Central North),.562
Uganda,Kampala,.663
Uganda,East Central (Busoga),.551
Uganda,"Eastern (Bukedi, Bugishu, Teso)",.549
Uganda,"North (Karamoja, Lango, Acholi)",.495
Uganda,West Nile,.506
Uganda,"Western (Bunyoro, Tooro)",.519
Uganda,"Southwest (Ankole, Kigezi)",.54
Ukraine,North,.737
Ukraine,Central,.727
Ukraine,East,.741
Ukraine,South,.74
Ukraine,West,.722
Uruguay,Montevideo and Metropolitan area,.846
Uruguay,"Norte (Artigas, Rivera, Cerro Largo and Trienta y Tres)",.798
Uruguay,"Costa Este (Canelones, Maldonado and Rocha)",.832
Uruguay,"Litoral Sur (Soriano, Colonia and San Jose)",.797
Uruguay,Centro (Durazno and Tacuarembo),.804
Uruguay,"Centro Sur (Flores, Florida and Lavalleja)",.822
Uruguay,"Litoral Norte (Paysandu, Salto and Rio Negro)",.789
United States,Alabama,.877
United States,Alaska,.931
United States,Arizona,.906
United States,Arkansas,.88
United States,California,.935
United States,Colorado,.952
United States,Connecticut,.95
United States,Delaware,.922
United States,District of Columbia,.947
United States,Florida,.925
United States,Georgia,.905
United States,Hawaii,.947
United States,Idaho,.916
United States,Illinois,.932
United States,Indiana,.903
United States,Iowa,.923
United States,Kansas,.921
United States,Kentucky,.879
United States,Louisiana,.881
United States,Maine,.929
United States,Maryland,.942
United States,Massachusetts,.956
United States,Michigan,.913
United States,Minnesota,.951
United States,Mississippi,.858
United States,Missouri,.904
United States,Montana,.924
United States,Nebraska,.931
United States,Nevada,.91
United States,New Hampshire,.956
United States,New Jersey,.943
United States,New Mexico,.884
United States,New York,.937
United States,North Carolina,.908
United States,North Dakota,.934
United States,Ohio,.908
United States,Oklahoma,.892
United States,Oregon,.938
United States,Pennsylvania,.928
United States,Rhode Island,.934
United States,South Carolina,.894
United States,South Dakota,.929
United States,Tennessee,.893
United States,Texas,.907
United States,Utah,.931
United States,Vermont,.945
United States,Virginia,.939
United States,Washington,.952
United States,West Virginia,.87
United States,Wisconsin,.929
United States,Wyoming,.936
Uzbekistan,"West (Karakalpakstan, Khorezm)",.726
Uzbekistan,"Central (Navoi, Bukhara, Samarkand)",.72
Uzbekistan,"South (Kashkadarya, Surkhandarya)",.695
Uzbekistan,"Central-East (Dzhizak, Syrdarya)",.749
Uzbekistan,"East (Namangan, Fergana, Andizhan)",.72
Uzbekistan,Tashkent,.814
Venezuela,Federal District,.743
Venezuela,Amazonas Federal Territory,.679
Venezuela,Anzoategui,.71
Venezuela,Apure,.628
Venezuela,Aragua,.725
Venezuela,Barinas,.646
Venezuela,Bolivar,.701
Venezuela,Carabobo,.719
Venezuela,Cojedes,.676
Venezuela,Amacuros Delta Federal Territory,.683
Venezuela,Falcon,.689
Venezuela,Guarico,.661
Venezuela,Lara,.679
Venezuela,Merida,.688
Venezuela,Miranda,.73
Venezuela,Monagas,.689
Venezuela,Nueva Esparta,.718
Venezuela,Portuguesa,.646
Venezuela,Sucre,.669
Venezuela,Tachira,.697
Venezuela,Trujillo,.669
Venezuela,Yaracuy,.666
Venezuela,Zulia,.684
Venezuela,Vargas,.719
Vietnam,Red River Delta,.768
Vietnam,"North East, North West",.685
Vietnam,North Central Coast and South Central Coast,.734
Vietnam,Central Highlands,.684
Vietnam,South East,.737
Vietnam,Mekong River Delta,.684
Vanuatu,Tafea,.565
Vanuatu,Shefa,.608
Vanuatu,Malampa,.59
Vanuatu,Penama,.552
Vanuatu,Sanma,.575
Vanuatu,Torba,.554
Vanuatu,Port Vila,.724
Vanuatu,Luganville,.709
Samoa,Apia Urban Area,.76
Samoa,North West Upolu,.722
Samoa,Rest of Upolu,.724
Samoa,Savaii,.718
Kosovo,Gjakova,.747
Kosovo,Gjilan,.757
Kosovo,Mitrovica,.764
Kosovo,Peja,.754
Kosovo,Prizren,.742
Kosovo,Pristina,.767
Kosovo,Ferizaj,.759
Yemen,Ibb,.425
Yemen,"Abyan, Aden (town and countryside), Lahej, Ad Dali (Al Dhalih)",.468
Yemen,"Sana a (capital; Al Amana), Sana a (governorate)",.466
Yemen,"Beida (Al Bayda), Dhamar, Raimah",.381
Yemen,Taiz,.452
Yemen,"Jawf, Hadramet, Shabda (Shabwah), Marib, Mohra (Al Mahrah)",.463
Yemen,"Hajja, Sada, Amran (Omran)",.375
Yemen,"Hodeida (Al Hudaydah), Mahweit (Al Mahwit)",.383
South Africa,Western Cape,.755
South Africa,Eastern Cape,.678
South Africa,Northern Cape,.705
South Africa,Free State,.716
South Africa,KwaZulu Natal,.714
South Africa,North West,.68
South Africa,Gauteng,.739
South Africa,Mpumalanga,.682
South Africa,Northern Province,.718
Zambia,Central,.565
Zambia,Copperbelt,.635
Zambia,Eastern,.512
Zambia,Luapula,.495
Zambia,Lusaka,.64
Zambia,Northern,.523
Zambia,North-Western,.589
Zambia,Southern,.566
Zambia,Western,.52
Zimbabwe,Manicaland,.539
Zimbabwe,Mashonaland Central,.495
Zimbabwe,Mashonaland East,.538
Zimbabwe,Mashonaland West,.519
Zimbabwe,Matebeleland North,.499
Zimbabwe,Matebeleland South,.542
Zimbabwe,Midlands,.547
Zimbabwe,Masvingo,.545
Zimbabwe,Harare,.622
Zimbabwe,Bulawayo,.649
